Javad MohammadZade,Javad,-1,جواد
Mohammad SanayeAbbasi,Mohammad,-1,محمد
Mahdi Moghaddami,Mahdi,-1,مهدی
Mohammad Esmaeili,Mohammad,-1,محمد
Saeed Omidi,Saeed,-1,سعید
Sahar Movaghar,Sahar,-1,سحر
Mehdi NikDan,Mehdi,-1,مهدی
AliMohammad Movahedian,AliMohammad,-1,علی محمد
AmirMohammad Fadaei,AmirMohammad,-1,امیر
Ali Naderi,Ali,-1,علی
Arezoo Movaghar,Arezoo,-1,آرزو
Amin HP,Amin,-1,امین
Sepehr Hashemi,Sepehr,-1,سپهر
MohammadReza Gazme,MohammadReza,-1,محمدرضا